Workbook

Sheet Asztali
C1: Búza Csaba | D1: Csomós András István | E1: Elekes Norbert Károly | F1: Jójárt Mátyás | G1: Márkus Regő Benedek | H1: Mátó Lázár | I1: Pinczési Márk | J1: Sebők Dominik
A2: Létrehozta a NATOTagallamokKonzol projektet a konzolos felületen. | B2: 1pont | C2: 0 | D2: 0 | E2: 0 | F2: 0 | G2: 0 | H2: 0 | I2: 0 | J2: 0
A3: Létrehozta a Tagallam osztályt a megfelelő adattagokkal. | B3: 1pont | C3: 0 | D3: 0 | E3: 0 | F3: 0 | G3: 0 | H3: 0 | I3: 0 | J3: 0
A4: Megalkotta az osztály konstruktorát. | B4: 1pont | C4: 0 | D4: 0 | E4: 0 | F4: 0 | G4: 0 | H4: 0 | I4: 0 | J4: 0
A5: A NATO_tagallamok.txt állomány tartalmát beolvasta. | B5: 2pont | C5: 0 | D5: 0 | E5: 0 | F5: 0 | G5: 0 | H5: 0 | I5: 0 | J5: 0
A6: Az adatokat elmentette egy megfelelő adatszerkezetbe. | B6: 1pont | C6: 0 | D6: 0 | E6: 0 | F6: 0 | G6: 0 | H6: 0 | I6: 0 | J6: 0
A7: Tagállamok számának meghatározása. | B7: 1pont
A8: Tagállamok számának kiíratása a megadott minta szerint. | B8: 1pont | C8: 0 | D8: 0 | E8: 0 | F8: 0 | G8: 0 | H8: 0 | I8: 0 | J8: 0
A9: Legkisebb és legnagyobb haderejű tagállam meghatározása. | B9: 1pont | C9: 0 | D9: 0 | E9: 0 | F9: 0 | G9: 0 | H9: 0 | I9: 0 | J9: 0
A10: Az eredmény kiíratása a megadott minta szerint. | B10: 1pont | C10: 0 | D10: 0 | E10: 0 | F10: 0 | G10: 0 | H10: 0 | I10: 0 | J10: 0
A11: Haderő/lakossag arány szűrése. | B11: 1pont | C11: 0 | D11: 0 | E11: 0 | F11: 0 | G11: 0 | H11: 0 | I11: 0 | J11: 0
A12: Az eredmény kiíratása a megadott minta szerint. | B12: 1pont | C12: 0 | D12: 0 | E12: 0 | F12: 0 | G12: 0 | H12: 0 | I12: 0 | J12: 0
A13: Statisztika készítése. | B13: 2pont | C13: 0 | D13: 0 | E13: 0 | F13: 0 | G13: 0 | H13: 0 | I13: 0 | J13: 0
A14: Statisztika.txt állomány létrehozása és a kész statisztika kiíratása bele. | B14: 1pont | C14: 0 | D14: 0 | E14: 0 | F14: 0 | G14: 0 | H14: 0 | I14: 0 | J14: 0
A15: Létrehozta az NATOTagallamokWinForm projektet a winformos felületen és csatolta a NATOTagallamokKonzol projektet. | B15: 1pont | C15: 0 | D15: 0 | E15: 0 | F15: 0 | G15: 0 | H15: 0 | I15: 0 | J15: 0
A16: Az űrlapot elnevezte a NATO Tagállamok névre. | B16: 1pont | C16: 0 | D16: 0 | E16: 0 | F16: 0 | G16: 0 | H16: 0 | I16: 0 | J16: 0
A17: Létrehozta a listView elemet a megadott minta szerint. | B17: 1pont | C17: 0 | D17: 0 | E17: 0 | F17: 0 | G17: 0 | H17: 0 | I17: 0 | J17: 0
A18: Feltöltötte a listView elemet. | B18: 1pont | C18: 0 | D18: 0 | E18: 0 | F18: 0 | G18: 0 | H18: 0 | I18: 0 | J18: 0
A19: Legördülő lista (comboBox) adatokkal feltöltése. | B19: 1pont | C19: 0 | D19: 0 | E19: 0 | F19: 0 | G19: 0 | H19: 0 | I19: 0 | J19: 0
... A24: Helyes kiíratás. | B24: 1pont | C24: 0 | D24: 0 | E24: 0 | F24: 0 | G24: 0 | H24: 0 | I24: 0 | J24: 0
C25: =SUM(C2:C24) -> 0 | D25: =SUM(D2:D24) -> 0 | E25: =SUM(E2:E24) -> 0 | F25: =SUM(F2:F24) -> 0 | G25: =SUM(G2:G24) -> 0 | H25: =SUM(H2:H24) -> 0 | I25: =SUM(I2:I24) -> 0 | J25: =SUM(J2:J24) -> 0

Sheet Backend
C1: Búza Csaba | D1: Csomós András István | E1: Elekes Norbert Károly | F1: Jójárt Mátyás | G1: Márkus Regő Benedek | H1: Mátó Lázár | I1: Pinczési Márk | J1: Sebők Dominik
A2: MongoDB műveletek elvégzése. | B2: 1pont | C2: 0 | D2: 0 | E2: 0 | F2: 0 | G2: 0 | H2: 0 | I2: 0 | J2: 0
A3: Szükséges függőségek telepítése és a package.json állomány szerkesztése. | B3: 1pont | C3: 0 | D3: 0 | E3: 0 | F3: 0 | G3: 0 | H3: 0 | I3: 0 | J3: 0
A4: server.js és .env szerkesztése. | B4: 1pont | C4: 0 | D4: 0 | E4: 0 | F4: 0 | G4: 0 | H4: 0 | I4: 0 | J4: 0
A5: Csatlakozás az adatbázishoz. | B5: 1pont | C5: 0 | D5: 0 | E5: 0 | F5: 0 | G5: 0 | H5: 0 | I5: 0 | J5: 0
A6: Tagallamok.states.json beimportálása. | B6: 1pont | C6: 0 | D6: 0 | E6: 0 | F6: 0 | G6: 0 | H6: 0 | I6: 0 | J6: 0
A7: State modell létrehozása. | B7: 2pont | C7: 0 | D7: 0 | E7: 0 | F7: 0 | G7: 0 | H7: 0 | I7: 0 | J7: 0
A8: User modell létrehozása. | B8: 2pont | C8: 0 | D8: 0 | E8: 0 | F8: 0 | G8: 0 | H8: 0 | I8: 0 | J8: 0
A9: POST metódus. | B9: 1pont | C9: 0 | D9: 0 | E9: 0 | F9: 0 | G9: 0 | H9: 0 | I9: 0 | J9: 0
A10: Thunder Client-tel adatok feltöltése. | B10: 1pont | C10: 0 | D10: 0 | E10: 0 | F10: 0 | G10: 0 | H10: 0 | I10: 0 | J10: 0
A11: DELETE metódus. | B11: 1pont | C11: 0 | D11: 0 | E11: 0 | F11: 0 | G11: 0 | H11: 0 | I11: 0 | J11: 0
A12: Thunder Client-tel adat törlése. | B12: 1pont | C12: 0 | D12: 0 | E12: 0 | F12: 0 | G12: 0 | H12: 0 | I12: 0 | J12: 0
A13: PATCH metódus. | B13: 1pont | C13: 0 | D13: 0 | E13: 0 | F13: 0 | G13: 0 | H13: 0 | I13: 0 | J13: 0
A14: Thunder Client-tel adat módosítása. | B14: 1pont | C14: 0 | D14: 0 | E14: 0 | F14: 0 | G14: 0 | H14: 0 | I14: 0 | J14: 0
C15: =SUM(C2:C14) -> 0 | D15: =SUM(D2:D14) -> 0 | E15: =SUM(E2:E14) -> 0 | F15: =SUM(F2:F14) -> 0 | G15: =SUM(G2:G14) -> 0 | H15: =SUM(H2:H14) -> 0 | I15: =SUM(I2:I14) -> 0 | J15: =SUM(J2:J14) -> 0

Sheet Frontend
C1: Búza Csaba | D1: Csomós András István | E1: Elekes Norbert Károly | F1: Jójárt Mátyás | G1: Márkus Regő Benedek | H1: Mátó Lázár | I1: Pinczési Márk | J1: Sebők Dominik
A2: Szükséges függőség (react-router-dom) telepítése. | B2: 1pont | C2: 0 | D2: 0 | E2: 0 | F2: 0 | G2: 0 | H2: 0 | I2: 0 | J2: 0
A3: Home oldal szerkesztése. | B3: 1pont | C3: 0 | D3: 0 | E3: 0 | F3: 0 | G3: 0 | H3: 0 | I3: 0 | J3: 0
A4: App.jsx állomány helyes szerkesztése. | B4: 2pont | C4: 0 | D4: 0 | E4: 0 | F4: 0 | G4: 0 | H4: 0 | I4: 0 | J4: 0
A5: Navbar.jsx állomány szerkesztése. | B5: 1pont | C5: 0 | D5: 0 | E5: 0 | F5: 0 | G5: 0 | H5: 0 | I5: 0 | J5: 0
A6: Navbar.css állomány szerkesztése. | B6: 1pont | C6: 0 | D6: 0 | E6: 0 | F6: 0 | G6: 0 | H6: 0 | I6: 0 | J6: 0
A7: Register.jsx állomány szerkesztése. | B7: 1pont | C7: 0 | D7: 0 | E7: 0 | F7: 0 | G7: 0 | H7: 0 | I7: 0 | J7: 0
A8: Register.css állomány szerkesztése. | B8: 1pont | C8: 0 | D8: 0 | E8: 0 | F8: 0 | G8: 0 | H8: 0 | I8: 0 | J8: 0
A9: Login.jsx állomány szerkesztése. | B9: 1pont | C9: 0 | D9: 0 | E9: 0 | F9: 0 | G9: 0 | H9: 0 | I9: 0 | J9: 0
A10: Login.css állomány szerkesztése. | B10: 1pont | C10: 0 | D10: 0 | E10: 0 | F10: 0 | G10: 0 | H10: 0 | I10: 0 | J10: 0
A11: input-okban helyes onChange. | B11: 1pont | C11: 0 | D11: 0 | E11: 0 | F11: 0 | G11: 0 | H11: 0 | I11: 0 | J11: 0
A12: Mezők kötelező kitöltése. | B12: 1pont | C12: 0 | D12: 0 | E12: 0 | F12: 0 | G12: 0 | H12: 0 | I12: 0 | J12: 0
A13: async fetch függvény adatok lekérésére. | B13: 1pont | C13: 0 | D13: 0 | E13: 0 | F13: 0 | G13: 0 | H13: 0 | I13: 0 | J13: 0
... A15: response helyes kezelése | B15: 1pont | C15: 0 | D15: 0 | E15: 0 | F15: 0 | G15: 0 | H15: 0 | I15: 0 | J15: 0
C16: =SUM(C2:C15) -> 0 | D16: =SUM(D2:D15) -> 0 | E16: =SUM(E2:E15) -> 0 | F16: =SUM(F2:F15) -> 0 | G16: =SUM(G2:G15) -> 0 | H16: =SUM(H2:H15) -> 0 | I16: =SUM(I2:I15) -> 0 | J16: =SUM(J2:J15) -> 0

Sheet Reszponzív
C1: Búza Csaba | D1: Csomós András István | E1: Elekes Norbert Károly | F1: Jójárt Mátyás | G1: Márkus Regő Benedek | H1: Mátó Lázár | I1: Pinczési Márk | J1: Sebők Dominik
A2: Tetszőleges technikával Home oldal reszponzívvá tétele. | B2: 2pont | C2: 0 | D2: 0 | E2: 0 | F2: 0 | G2: 0 | H2: 0 | I2: 0 | J2: 0
A3: Tetszőleges technikával Register oldal reszponzívvá tétele. | B3: 2pont | C3: 0 | D3: 0 | E3: 0 | F3: 0 | G3: 0 | H3: 0 | I3: 0 | J3: 0
A4: Tetszőleges technikával Login oldal reszponzívvá tétele. | B4: 2pont | C4: 0 | D4: 0 | E4: 0 | F4: 0 | G4: 0 | H4: 0 | I4: 0 | J4: 0
A5: .tagallamok-kontener 1200px beállítása. | B5: 1pont | C5: 0 | D5: 0 | E5: 0 | F5: 0 | G5: 0 | H5: 0 | I5: 0 | J5: 0
A6: .tagallamok-kontener-belso 1200px beállítása. | B6: 1pont | C6: 0 | D6: 0 | E6: 0 | F6: 0 | G6: 0 | H6: 0 | I6: 0 | J6: 0
A7: .tagallamok-kontener 750px beállítása. | B7: 1pont | C7: 0 | D7: 0 | E7: 0 | F7: 0 | G7: 0 | H7: 0 | I7: 0 | J7: 0
A8: .tagallamok-kontener-belso 750px beállítása. | B8: 1pont | C8: 0 | D8: 0 | E8: 0 | F8: 0 | G8: 0 | H8: 0 | I8: 0 | J8: 0
C9: =SUM(C2:C8) -> 0 | D9: =SUM(D2:D8) -> 0 | E9: =SUM(E2:E8) -> 0 | F9: =SUM(F2:F8) -> 0 | G9: =SUM(G2:G8) -> 0 | H9: =SUM(H2:H8) -> 0 | I9: =SUM(I2:I8) -> 0 | J9: =SUM(J2:J8) -> 0

Sheet Összesítés
B1: Búza Csaba | C1: Csomós András István | D1: Elekes Norbert Károly | E1: Jójárt Mátyás | F1: Márkus Regő Benedek | G1: Mátó Lázár | H1: Pinczési Márk | I1: Sebők Dominik
A2: Asztali | B2: =Asztali!C25 -> 0 | C2: =Asztali!D25 -> 0 | D2: =Asztali!E25 -> 0 | E2: =Asztali!F25 -> 0 | F2: =Asztali!G25 -> 0 | G2: =Asztali!H25 -> 0 | H2: =Asztali!I25 -> 0 | I2: =Asztali!J25 -> 0
A3: Backend | B3: =Backend!C15 -> 0 | C3: =Backend!D15 -> 0 | D3: =Backend!E15 -> 0 | E3: =Backend!F15 -> 0 | F3: =Backend!G15 -> 0 | G3: =Backend!H15 -> 0 | H3: =Backend!I15 -> 0 | I3: =Backend!J15 -> 0
A4: Frontend | B4: =Frontend!C16 -> 0 | C4: =Frontend!D16 -> 0 | D4: =Frontend!E16 -> 0 | E4: =Frontend!F16 -> 0 | F4: =Frontend!G16 -> 0 | G4: =Backend!H16 -> 0 | H4: =Backend!I16 -> 0 | I4: =Backend!J16 -> 0
A5: Reszponzív | B5: =Reszponzív!C9 -> 0 | C5: =Reszponzív!D9 -> 0 | D5: =Reszponzív!E9 -> 0 | E5: =Reszponzív!F9 -> 0 | F5: =Reszponzív!G9 -> 0 | G5: =Reszponzív!H9 -> 0 | H5: =Reszponzív!I9 -> 0 | I5: =Reszponzív!J9 -> 0
B6: =SUM(B2:B5) -> 0 | C6: =SUM(C2:C5) -> 0 | D6: =SUM(D2:D5) -> 0 | E6: =SUM(E2:E5) -> 0 | F6: =SUM(F2:F5) -> 0 | G6: =SUM(G2:G5) -> 0 | H6: =SUM(H2:H5) -> 0 | I6: =SUM(I2:I5) -> 0
B7: =B6/65 -> 0 | C7: =C6/65 -> 0 | D7: =D6/65 -> 0 | E7: =E6/65 -> 0 | F7: =F6/65 -> 0 | G7: =G6/65 -> 0 | H7: =H6/65 -> 0 | I7: =I6/65 -> 0
